{
  "type": "FeatureCollection",
  "peaks_destination_id": "IPE6mR4ooQVc0xWYrqbT",
  "peaks_trailhead_id": "E9A02E2B7C07149458E9",
  "peaks_source": "https://www.openstreetmap.org/",
  "peaks_retrieval_source": "https://api.openstreetmap.org/api/0.6",
  "peaks_license_name": "Open Data Commons Open Database License (ODbL) 1.0",
  "peaks_license": "https://opendatacommons.org/licenses/odbl/1-0/",
  "peaks_attribution": "© OpenStreetMap contributors",
  "peaks_retrieved_at": "2026-07-31T14:55:06.707Z",
  "features": [
    {
      "type": "Feature",
      "properties": {
        "name": "Gannett Peak via Glacier Trail and Gooseneck Glacier",
        "trailhead_name": "Trail Lake Trailhead",
        "destination_name": "Gannett Peak",
        "distance_m": 42814.90420275817,
        "trailhead_snap_m": 0,
        "summit_snap_m": 17.018076739087043,
        "osm_way_ids": [
          192357336,
          1035080514,
          192357322,
          510536046,
          510536045,
          192357354,
          429413193,
          915135219,
          1049111697,
          1160370914,
          1040096050,
          192357320,
          1160370913,
          192357353,
          1160370909,
          1040096051,
          952121349
        ],
        "osm_way_urls": [
          "https://www.openstreetmap.org/way/192357336",
          "https://www.openstreetmap.org/way/1035080514",
          "https://www.openstreetmap.org/way/192357322",
          "https://www.openstreetmap.org/way/510536046",
          "https://www.openstreetmap.org/way/510536045",
          "https://www.openstreetmap.org/way/192357354",
          "https://www.openstreetmap.org/way/429413193",
          "https://www.openstreetmap.org/way/915135219",
          "https://www.openstreetmap.org/way/1049111697",
          "https://www.openstreetmap.org/way/1160370914",
          "https://www.openstreetmap.org/way/1040096050",
          "https://www.openstreetmap.org/way/192357320",
          "https://www.openstreetmap.org/way/1160370913",
          "https://www.openstreetmap.org/way/192357353",
          "https://www.openstreetmap.org/way/1160370909",
          "https://www.openstreetmap.org/way/1040096051",
          "https://www.openstreetmap.org/way/952121349"
        ],
        "osm_way_names": [
          "Glacier Trail",
          "Downs Fork Trail",
          "Gannett Peak Trail"
        ],
        "osm_foot_access_override_way_ids": []
      },
      "geometry": {
        "type": "LineString",
        "coordinates": [
          [
            -109.574025,
            43.425767
          ],
          [
            -109.574025,
            43.425767
          ],
          [
            -109.5744711,
            43.4259486
          ],
          [
            -109.5747399,
            43.4260617
          ],
          [
            -109.5750812,
            43.4261867
          ],
          [
            -109.575377,
            43.4260621
          ],
          [
            -109.5757481,
            43.4260275
          ],
          [
            -109.5759188,
            43.4259712
          ],
          [
            -109.5759473,
            43.4259322
          ],
          [
            -109.5759025,
            43.4258125
          ],
          [
            -109.5759003,
            43.4257645
          ],
          [
            -109.5759428,
            43.4257344
          ],
          [
            -109.5760258,
            43.4258776
          ],
          [
            -109.576116,
            43.4259615
          ],
          [
            -109.5762633,
            43.4260941
          ],
          [
            -109.5760348,
            43.4261944
          ],
          [
            -109.5760558,
            43.4262763
          ],
          [
            -109.5760841,
            43.4263865
          ],
          [
            -109.5762761,
            43.4264578
          ],
          [
            -109.5764296,
            43.426529
          ],
          [
            -109.5765832,
            43.4266344
          ],
          [
            -109.576611,
            43.4266142
          ],
          [
            -109.5765726,
            43.4265259
          ],
          [
            -109.576564,
            43.4264237
          ],
          [
            -109.5766387,
            43.4263788
          ],
          [
            -109.5768478,
            43.4263369
          ],
          [
            -109.5769694,
            43.4262688
          ],
          [
            -109.5769992,
            43.4262254
          ],
          [
            -109.5768563,
            43.4261169
          ],
          [
            -109.5767944,
            43.4260627
          ],
          [
            -109.5768264,
            43.4259868
          ],
          [
            -109.5769075,
            43.4259434
          ],
          [
            -109.5771251,
            43.4258892
          ],
          [
            -109.5772125,
            43.4258257
          ],
          [
            -109.5774152,
            43.4257854
          ],
          [
            -109.5774301,
            43.4258443
          ],
          [
            -109.5773747,
            43.4260612
          ],
          [
            -109.5773832,
            43.4262161
          ],
          [
            -109.5774579,
            43.4262626
          ],
          [
            -109.5776584,
            43.4263788
          ],
          [
            -109.5776766,
            43.4264288
          ],
          [
            -109.5776968,
            43.4264841
          ],
          [
            -109.5777273,
            43.4265252
          ],
          [
            -109.5777993,
            43.4264978
          ],
          [
            -109.5780783,
            43.4260473
          ],
          [
            -109.5781209,
            43.4259205
          ],
          [
            -109.5780992,
            43.4257889
          ],
          [
            -109.578383,
            43.4256801
          ],
          [
            -109.5783768,
            43.4255685
          ],
          [
            -109.5784446,
            43.4254843
          ],
          [
            -109.5785168,
            43.4254592
          ],
          [
            -109.5786629,
            43.4254526
          ],
          [
            -109.5787156,
            43.425411
          ],
          [
            -109.5787652,
            43.4251956
          ],
          [
            -109.5787893,
            43.4250579
          ],
          [
            -109.5790167,
            43.4248141
          ],
          [
            -109.5790814,
            43.424685
          ],
          [
            -109.5790743,
            43.424566
          ],
          [
            -109.5790785,
            43.4243336
          ],
          [
            -109.5792912,
            43.4241284
          ],
          [
            -109.5795411,
            43.424089
          ],
          [
            -109.5796344,
            43.4239993
          ],
          [
            -109.579806,
            43.4237894
          ],
          [
            -109.5799445,
            43.4236057
          ],
          [
            -109.5802547,
            43.4235751
          ],
          [
            -109.5802848,
            43.4235139
          ],
          [
            -109.5802452,
            43.4234641
          ],
          [
            -109.5802235,
            43.4233814
          ],
          [
            -109.5802022,
            43.4233035
          ],
          [
            -109.5799764,
            43.4232447
          ],
          [
            -109.579718,
            43.4231507
          ],
          [
            -109.5797172,
            43.422984
          ],
          [
            -109.5795993,
            43.4228135
          ],
          [
            -109.5797707,
            43.4227288
          ],
          [
            -109.5798574,
            43.4225959
          ],
          [
            -109.5800933,
            43.422502
          ],
          [
            -109.580193,
            43.4224863
          ],
          [
            -109.5802017,
            43.4224586
          ],
          [
            -109.5801141,
            43.4224472
          ],
          [
            -109.579889,
            43.4223918
          ],
          [
            -109.5797172,
            43.4222973
          ],
          [
            -109.5796081,
            43.4222279
          ],
          [
            -109.5794646,
            43.42217
          ],
          [
            -109.5794192,
            43.4221334
          ],
          [
            -109.5794778,
            43.4221041
          ],
          [
            -109.5795713,
            43.4220951
          ],
          [
            -109.5795455,
            43.4220515
          ],
          [
            -109.579402,
            43.4220025
          ],
          [
            -109.5793321,
            43.4219588
          ],
          [
            -109.5794155,
            43.4219526
          ],
          [
            -109.579472,
            43.4219392
          ],
          [
            -109.5795394,
            43.4218421
          ],
          [
            -109.5795652,
            43.4217629
          ],
          [
            -109.5797116,
            43.4214937
          ],
          [
            -109.5797879,
            43.4213614
          ],
          [
            -109.5798348,
            43.4212468
          ],
          [
            -109.5798885,
            43.4210377
          ],
          [
            -109.5798764,
            43.4209054
          ],
          [
            -109.5798157,
            43.4208424
          ],
          [
            -109.5798063,
            43.4208191
          ],
          [
            -109.5797272,
            43.4206244
          ],
          [
            -109.5796735,
            43.4205199
          ],
          [
            -109.5795139,
            43.4202692
          ],
          [
            -109.5795399,
            43.4201533
          ],
          [
            -109.5796474,
            43.4200676
          ],
          [
            -109.5797376,
            43.4199542
          ],
          [
            -109.5799475,
            43.4198194
          ],
          [
            -109.5800464,
            43.4197539
          ],
          [
            -109.5800707,
            43.4196871
          ],
          [
            -109.5802146,
            43.4196481
          ],
          [
            -109.580258,
            43.4196065
          ],
          [
            -109.5802059,
            43.4194768
          ],
          [
            -109.5801244,
            43.4193873
          ],
          [
            -109.5801418,
            43.4192777
          ],
          [
            -109.5801262,
            43.4191631
          ],
          [
            -109.5801071,
            43.4191265
          ],
          [
            -109.5799753,
            43.418969
          ],
          [
            -109.5799701,
            43.4188683
          ],
          [
            -109.5799059,
            43.4188015
          ],
          [
            -109.5799423,
            43.4187272
          ],
          [
            -109.580036,
            43.4187196
          ],
          [
            -109.5801504,
            43.4186906
          ],
          [
            -109.5801539,
            43.4186402
          ],
          [
            -109.5801574,
            43.4185495
          ],
          [
            -109.5801798,
            43.4184352
          ],
          [
            -109.5802755,
            43.4183105
          ],
          [
            -109.5805576,
            43.4181181
          ],
          [
            -109.5808863,
            43.4179256
          ],
          [
            -109.5811512,
            43.4178473
          ],
          [
            -109.5813646,
            43.4178686
          ],
          [
            -109.5814774,
            43.4179203
          ],
          [
            -109.5815437,
            43.4179078
          ],
          [
            -109.5814652,
            43.4177617
          ],
          [
            -109.5814014,
            43.4176548
          ],
          [
            -109.5812885,
            43.4175212
          ],
          [
            -109.5813621,
            43.4174642
          ],
          [
            -109.5815167,
            43.4172949
          ],
          [
            -109.5816001,
            43.4171435
          ],
          [
            -109.5816663,
            43.4169867
          ],
          [
            -109.5816442,
            43.4168566
          ],
          [
            -109.5816295,
            43.4167461
          ],
          [
            -109.5817423,
            43.4166054
          ],
          [
            -109.5816933,
            43.4164219
          ],
          [
            -109.5817497,
            43.4163114
          ],
          [
            -109.5818723,
            43.4162562
          ],
          [
            -109.5820391,
            43.4161902
          ],
          [
            -109.582071,
            43.4160388
          ],
          [
            -109.5820539,
            43.4159337
          ],
          [
            -109.5819827,
            43.4157288
          ],
          [
            -109.5819746,
            43.4155512
          ],
          [
            -109.5819642,
            43.4154642
          ],
          [
            -109.5819607,
            43.4152538
          ],
          [
            -109.5821272,
            43.4150535
          ],
          [
            -109.5824897,
            43.4148154
          ],
          [
            -109.5826129,
            43.414736
          ],
          [
            -109.5828869,
            43.4147322
          ],
          [
            -109.5830066,
            43.4146957
          ],
          [
            -109.583135,
            43.414576
          ],
          [
            -109.5830396,
            43.414479
          ],
          [
            -109.5829719,
            43.4143606
          ],
          [
            -109.5829476,
            43.4143064
          ],
          [
            -109.5830552,
            43.4142094
          ],
          [
            -109.5831801,
            43.4141501
          ],
          [
            -109.5833206,
            43.4140859
          ],
          [
            -109.5833761,
            43.4140128
          ],
          [
            -109.5835894,
            43.413883
          ],
          [
            -109.5836449,
            43.4137986
          ],
          [
            -109.5837438,
            43.4136134
          ],
          [
            -109.5839623,
            43.4134471
          ],
          [
            -109.5840074,
            43.4132644
          ],
          [
            -109.5841757,
            43.4131825
          ],
          [
            -109.5842936,
            43.4130011
          ],
          [
            -109.5842572,
            43.4128902
          ],
          [
            -109.584337,
            43.4127781
          ],
          [
            -109.5844757,
            43.412681
          ],
          [
            -109.5846561,
            43.4126306
          ],
          [
            -109.5848521,
            43.4126017
          ],
          [
            -109.584951,
            43.412458
          ],
          [
            -109.5849857,
            43.4124076
          ],
          [
            -109.5851782,
            43.4123383
          ],
          [
            -109.585395,
            43.4121367
          ],
          [
            -109.5855806,
            43.4120687
          ],
          [
            -109.5857696,
            43.4120498
          ],
          [
            -109.5859223,
            43.4119717
          ],
          [
            -109.5861946,
            43.4118003
          ],
          [
            -109.5863316,
            43.4116819
          ],
          [
            -109.5864113,
            43.411598
          ],
          [
            -109.5864261,
            43.4115017
          ],
          [
            -109.5863671,
            43.4114166
          ],
          [
            -109.5862136,
            43.4113946
          ],
          [
            -109.5860922,
            43.4112711
          ],
          [
            -109.5859933,
            43.4112131
          ],
          [
            -109.5859656,
            43.4111615
          ],
          [
            -109.5860176,
            43.4110544
          ],
          [
            -109.5860297,
            43.41098
          ],
          [
            -109.5860193,
            43.410912
          ],
          [
            -109.5861321,
            43.4107142
          ],
          [
            -109.5862292,
            43.4106285
          ],
          [
            -109.5864755,
            43.4104117
          ],
          [
            -109.586675,
            43.4102769
          ],
          [
            -109.586805,
            43.4101938
          ],
          [
            -109.586864,
            43.4101585
          ],
          [
            -109.5869386,
            43.4100085
          ],
          [
            -109.587008,
            43.4099569
          ],
          [
            -109.5870097,
            43.4098699
          ],
          [
            -109.58729,
            43.4093544
          ],
          [
            -109.587457,
            43.4089797
          ],
          [
            -109.5875609,
            43.4086329
          ],
          [
            -109.5877035,
            43.4083512
          ],
          [
            -109.5879805,
            43.4080181
          ],
          [
            -109.5881436,
            43.4078543
          ],
          [
            -109.5881713,
            43.4076502
          ],
          [
            -109.5881609,
            43.407184
          ],
          [
            -109.5879736,
            43.4069143
          ],
          [
            -109.5878661,
            43.4065262
          ],
          [
            -109.5877967,
            43.4063108
          ],
          [
            -109.587754,
            43.4060491
          ],
          [
            -109.5877685,
            43.4058269
          ],
          [
            -109.587823,
            43.4057274
          ],
          [
            -109.5880094,
            43.405191
          ],
          [
            -109.5880119,
            43.4047704
          ],
          [
            -109.5878917,
            43.4043534
          ],
          [
            -109.5878525,
            43.4043463
          ],
          [
            -109.5878426,
            43.4044532
          ],
          [
            -109.5878181,
            43.4046885
          ],
          [
            -109.5877691,
            43.4046564
          ],
          [
            -109.5876709,
            43.4044318
          ],
          [
            -109.5876636,
            43.4043303
          ],
          [
            -109.5877249,
            43.4041859
          ],
          [
            -109.5877666,
            43.404038
          ],
          [
            -109.5877764,
            43.4039649
          ],
          [
            -109.5876758,
            43.4037368
          ],
          [
            -109.5875851,
            43.4036388
          ],
          [
            -109.5874698,
            43.4033572
          ],
          [
            -109.5873741,
            43.4031986
          ],
          [
            -109.5872392,
            43.4030061
          ],
          [
            -109.5871951,
            43.4029152
          ],
          [
            -109.5872098,
            43.4028101
          ],
          [
            -109.587249,
            43.4027032
          ],
          [
            -109.5872392,
            43.4026248
          ],
          [
            -109.5871607,
            43.4019279
          ],
          [
            -109.587097,
            43.4015198
          ],
          [
            -109.5870675,
            43.4009851
          ],
          [
            -109.5870283,
            43.400823
          ],
          [
            -109.5870185,
            43.4007125
          ],
          [
            -109.5869526,
            43.4005822
          ],
          [
            -109.5868736,
            43.4004511
          ],
          [
            -109.5868603,
            43.4003255
          ],
          [
            -109.5869007,
            43.4001493
          ],
          [
            -109.5868909,
            43.3999853
          ],
          [
            -109.5868762,
            43.399816
          ],
          [
            -109.5868002,
            43.3996342
          ],
          [
            -109.5867616,
            43.3994711
          ],
          [
            -109.586699,
            43.3993279
          ],
          [
            -109.5866647,
            43.3991913
          ],
          [
            -109.5866414,
            43.39894
          ],
          [
            -109.5866476,
            43.3988099
          ],
          [
            -109.5866139,
            43.398622
          ],
          [
            -109.5866802,
            43.3984812
          ],
          [
            -109.5866184,
            43.398365
          ],
          [
            -109.5866167,
            43.3982415
          ],
          [
            -109.5865681,
            43.3979113
          ],
          [
            -109.586582,
            43.3978294
          ],
          [
            -109.5866839,
            43.3977597
          ],
          [
            -109.5867325,
            43.3976475
          ],
          [
            -109.58667,
            43.3975416
          ],
          [
            -109.586755,
            43.3973992
          ],
          [
            -109.5868227,
            43.397224
          ],
          [
            -109.5867411,
            43.3969442
          ],
          [
            -109.5868123,
            43.3966862
          ],
          [
            -109.5870262,
            43.3964439
          ],
          [
            -109.5872063,
            43.3962759
          ],
          [
            -109.5875375,
            43.3960406
          ],
          [
            -109.5882874,
            43.3957086
          ],
          [
            -109.588464,
            43.3957656
          ],
          [
            -109.5885646,
            43.3957649
          ],
          [
            -109.5885768,
            43.3955046
          ],
          [
            -109.5887171,
            43.3953134
          ],
          [
            -109.5889472,
            43.3951166
          ],
          [
            -109.5890644,
            43.395019
          ],
          [
            -109.5891443,
            43.394747
          ],
          [
            -109.5892906,
            43.3944637
          ],
          [
            -109.5893569,
            43.3941714
          ],
          [
            -109.589374,
            43.3939254
          ],
          [
            -109.5892538,
            43.3936028
          ],
          [
            -109.5890797,
            43.3932731
          ],
          [
            -109.588957,
            43.3928827
          ],
          [
            -109.588853,
            43.3927562
          ],
          [
            -109.5888442,
            43.3927455
          ],
          [
            -109.5887544,
            43.3926732
          ],
          [
            -109.5886713,
            43.392565
          ],
          [
            -109.5886694,
            43.3925204
          ],
          [
            -109.5886619,
            43.392489
          ],
          [
            -109.5886632,
            43.3923566
          ],
          [
            -109.5887115,
            43.3922376
          ],
          [
            -109.5887196,
            43.3921693
          ],
          [
            -109.5887759,
            43.392066
          ],
          [
            -109.5888215,
            43.3919452
          ],
          [
            -109.588843,
            43.3917522
          ],
          [
            -109.5888644,
            43.3916489
          ],
          [
            -109.5888993,
            43.3915534
          ],
          [
            -109.5888886,
            43.3914813
          ],
          [
            -109.5888108,
            43.3914384
          ],
          [
            -109.5887598,
            43.3913722
          ],
          [
            -109.5887598,
            43.3912513
          ],
          [
            -109.5887464,
            43.391148
          ],
          [
            -109.5887491,
            43.3909843
          ],
          [
            -109.588773,
            43.3907975
          ],
          [
            -109.5889744,
            43.3902709
          ],
          [
            -109.589146,
            43.3901306
          ],
          [
            -109.5893016,
            43.3899454
          ],
          [
            -109.5893396,
            43.3897912
          ],
          [
            -109.5892598,
            43.3896047
          ],
          [
            -109.5893966,
            43.3895262
          ],
          [
            -109.5894438,
            43.3894991
          ],
          [
            -109.5896744,
            43.3892846
          ],
          [
            -109.5899385,
            43.388966
          ],
          [
            -109.5901869,
            43.3888018
          ],
          [
            -109.5902037,
            43.3885876
          ],
          [
            -109.5902396,
            43.3884708
          ],
          [
            -109.5903584,
            43.38839
          ],
          [
            -109.5905883,
            43.3883371
          ],
          [
            -109.5907473,
            43.3882691
          ],
          [
            -109.5907603,
            43.3881632
          ],
          [
            -109.5906322,
            43.3880225
          ],
          [
            -109.5905354,
            43.38793
          ],
          [
            -109.5905534,
            43.3878795
          ],
          [
            -109.59071,
            43.3877932
          ],
          [
            -109.5908486,
            43.3877192
          ],
          [
            -109.590959,
            43.3875552
          ],
          [
            -109.5909541,
            43.3873609
          ],
          [
            -109.5910056,
            43.387188
          ],
          [
            -109.5910718,
            43.3869562
          ],
          [
            -109.5911945,
            43.3867833
          ],
          [
            -109.5913392,
            43.3866835
          ],
          [
            -109.5914613,
            43.3865745
          ],
          [
            -109.591546,
            43.386446
          ],
          [
            -109.591768,
            43.3862342
          ],
          [
            -109.5919694,
            43.3858491
          ],
          [
            -109.5923196,
            43.385493
          ],
          [
            -109.592323,
            43.3853947
          ],
          [
            -109.5922328,
            43.3852964
          ],
          [
            -109.592126,
            43.385238
          ],
          [
            -109.5918831,
            43.3852121
          ],
          [
            -109.5915326,
            43.385275
          ],
          [
            -109.5911852,
            43.3854174
          ],
          [
            -109.5909007,
            43.3854779
          ],
          [
            -109.590873,
            43.3854199
          ],
          [
            -109.5909632,
            43.3852863
          ],
          [
            -109.5910707,
            43.3851426
          ],
          [
            -109.591033,
            43.3850826
          ],
          [
            -109.5909567,
            43.3851431
          ],
          [
            -109.5908769,
            43.3851973
          ],
          [
            -109.5908041,
            43.3851998
          ],
          [
            -109.5908838,
            43.38507
          ],
          [
            -109.5909255,
            43.3849767
          ],
          [
            -109.5909324,
            43.3849187
          ],
          [
            -109.5908398,
            43.3849066
          ],
          [
            -109.5905016,
            43.3850339
          ],
          [
            -109.5903178,
            43.3850806
          ],
          [
            -109.5902432,
            43.3850692
          ],
          [
            -109.5903212,
            43.3849495
          ],
          [
            -109.590427,
            43.3848461
          ],
          [
            -109.5905328,
            43.3847503
          ],
          [
            -109.5908051,
            43.3845524
          ],
          [
            -109.5908277,
            43.3844982
          ],
          [
            -109.5906716,
            43.3844906
          ],
          [
            -109.5905259,
            43.3845209
          ],
          [
            -109.5904114,
            43.3845663
          ],
          [
            -109.5903247,
            43.3846419
          ],
          [
            -109.5901877,
            43.3847264
          ],
          [
            -109.590068,
            43.3847818
          ],
          [
            -109.5899639,
            43.3848133
          ],
          [
            -109.5899899,
            43.3847629
          ],
          [
            -109.5901755,
            43.3845713
          ],
          [
            -109.5902466,
            43.3844541
          ],
          [
            -109.5901892,
            43.3844152
          ],
          [
            -109.5901095,
            43.3844277
          ],
          [
            -109.5900727,
            43.3844812
          ],
          [
            -109.5900102,
            43.3845275
          ],
          [
            -109.5899893,
            43.3845017
          ],
          [
            -109.5900261,
            43.384433
          ],
          [
            -109.5900065,
            43.3844286
          ],
          [
            -109.5899513,
            43.3844803
          ],
          [
            -109.5899133,
            43.3845257
          ],
          [
            -109.5899071,
            43.3845917
          ],
          [
            -109.5898593,
            43.3846309
          ],
          [
            -109.5897649,
            43.3846594
          ],
          [
            -109.5896459,
            43.3846416
          ],
          [
            -109.5894975,
            43.3845917
          ],
          [
            -109.5893785,
            43.3845899
          ],
          [
            -109.5893197,
            43.3846131
          ],
          [
            -109.5892301,
            43.3846496
          ],
          [
            -109.5891247,
            43.3846496
          ],
          [
            -109.5890695,
            43.3845927
          ],
          [
            -109.5888891,
            43.3845461
          ],
          [
            -109.5886497,
            43.3845688
          ],
          [
            -109.5885405,
            43.3846129
          ],
          [
            -109.5882248,
            43.3847201
          ],
          [
            -109.5880392,
            43.3847566
          ],
          [
            -109.5877707,
            43.3848346
          ],
          [
            -109.5875765,
            43.3849329
          ],
          [
            -109.5874273,
            43.3850716
          ],
          [
            -109.5872192,
            43.3853073
          ],
          [
            -109.5871949,
            43.3852858
          ],
          [
            -109.5872573,
            43.3851283
          ],
          [
            -109.587292,
            43.3849795
          ],
          [
            -109.5873891,
            43.3847426
          ],
          [
            -109.5874741,
            43.3845043
          ],
          [
            -109.5874342,
            43.3843719
          ],
          [
            -109.5875678,
            43.384193
          ],
          [
            -109.5875383,
            43.384169
          ],
          [
            -109.587436,
            43.3842144
          ],
          [
            -109.5873111,
            43.3843682
          ],
          [
            -109.5872486,
            43.3844867
          ],
          [
            -109.5872313,
            43.3844375
          ],
          [
            -109.5872313,
            43.3842698
          ],
          [
            -109.5872556,
            43.3841703
          ],
          [
            -109.5873083,
            43.3840039
          ],
          [
            -109.5873326,
            43.3838627
          ],
          [
            -109.5873916,
            43.383719
          ],
          [
            -109.5874298,
            43.3836585
          ],
          [
            -109.5875859,
            43.3834619
          ],
          [
            -109.5875997,
            43.3833358
          ],
          [
            -109.587735,
            43.38324
          ],
          [
            -109.5878252,
            43.3831417
          ],
          [
            -109.5878599,
            43.3830055
          ],
          [
            -109.5877038,
            43.3830383
          ],
          [
            -109.5875546,
            43.3831064
          ],
          [
            -109.5874436,
            43.3832047
          ],
          [
            -109.5873153,
            43.3832955
          ],
          [
            -109.5872598,
            43.3833812
          ],
          [
            -109.5871314,
            43.383477
          ],
          [
            -109.5870655,
            43.3835173
          ],
          [
            -109.5869233,
            43.3836257
          ],
          [
            -109.5868782,
            43.3836837
          ],
          [
            -109.5868123,
            43.3838047
          ],
          [
            -109.5867811,
            43.3838375
          ],
          [
            -109.5867637,
            43.3837619
          ],
          [
            -109.5868088,
            43.3836182
          ],
          [
            -109.586847,
            43.3835375
          ],
          [
            -109.5869059,
            43.3833887
          ],
          [
            -109.5869857,
            43.3832854
          ],
          [
            -109.5870274,
            43.3831871
          ],
          [
            -109.5871245,
            43.3830912
          ],
          [
            -109.5871973,
            43.3830156
          ],
          [
            -109.587232,
            43.382884
          ],
          [
            -109.587265,
            43.3827743
          ],
          [
            -109.5873747,
            43.3826723
          ],
          [
            -109.5874562,
            43.3825954
          ],
          [
            -109.5874649,
            43.3825021
          ],
          [
            -109.5875013,
            43.3824365
          ],
          [
            -109.5875481,
            43.3824038
          ],
          [
            -109.5875238,
            43.3823811
          ],
          [
            -109.5874562,
            43.3824227
          ],
          [
            -109.587399,
            43.3824756
          ],
          [
            -109.5873504,
            43.3825349
          ],
          [
            -109.5870191,
            43.3828092
          ],
          [
            -109.5866784,
            43.383084
          ],
          [
            -109.5866677,
            43.3830606
          ],
          [
            -109.5867213,
            43.382971
          ],
          [
            -109.5870694,
            43.3824428
          ],
          [
            -109.5870763,
            43.3824
          ],
          [
            -109.5870902,
            43.382371
          ],
          [
            -109.5871492,
            43.3822739
          ],
          [
            -109.5871856,
            43.3821983
          ],
          [
            -109.5872151,
            43.3821365
          ],
          [
            -109.5871804,
            43.3821315
          ],
          [
            -109.5871266,
            43.3821718
          ],
          [
            -109.5870798,
            43.3822575
          ],
          [
            -109.587033,
            43.3823256
          ],
          [
            -109.587,
            43.3823445
          ],
          [
            -109.5869289,
            43.3823899
          ],
          [
            -109.5869029,
            43.3824164
          ],
          [
            -109.5868162,
            43.3824567
          ],
          [
            -109.5867589,
            43.3824794
          ],
          [
            -109.5867017,
            43.3824781
          ],
          [
            -109.5867225,
            43.3824491
          ],
          [
            -109.5867572,
            43.3824151
          ],
          [
            -109.5867884,
            43.3823558
          ],
          [
            -109.586804,
            43.3823155
          ],
          [
            -109.5868352,
            43.3822714
          ],
          [
            -109.5868509,
            43.3822386
          ],
          [
            -109.5868699,
            43.3821705
          ],
          [
            -109.586896,
            43.3820962
          ],
          [
            -109.5869012,
            43.382047
          ],
          [
            -109.5868994,
            43.3819903
          ],
          [
            -109.5868803,
            43.3819651
          ],
          [
            -109.5868509,
            43.3819928
          ],
          [
            -109.5868266,
            43.3820256
          ],
          [
            -109.5868162,
            43.3820974
          ],
          [
            -109.5867895,
            43.3821524
          ],
          [
            -109.5867667,
            43.3821798
          ],
          [
            -109.5867161,
            43.3822301
          ],
          [
            -109.5866753,
            43.3822568
          ],
          [
            -109.5866271,
            43.3822865
          ],
          [
            -109.5866268,
            43.3822558
          ],
          [
            -109.5866739,
            43.3821781
          ],
          [
            -109.5866843,
            43.382139
          ],
          [
            -109.5866965,
            43.3820571
          ],
          [
            -109.5867052,
            43.3820294
          ],
          [
            -109.5867173,
            43.381984
          ],
          [
            -109.5867,
            43.3819777
          ],
          [
            -109.5866832,
            43.3819832
          ],
          [
            -109.5866468,
            43.3820614
          ],
          [
            -109.5865532,
            43.3821609
          ],
          [
            -109.586482,
            43.382224
          ],
          [
            -109.586482,
            43.3821761
          ],
          [
            -109.5864872,
            43.3820576
          ],
          [
            -109.5864612,
            43.3819958
          ],
          [
            -109.5863637,
            43.3821203
          ],
          [
            -109.5860486,
            43.3823398
          ],
          [
            -109.5859891,
            43.3825382
          ],
          [
            -109.585918,
            43.3826249
          ],
          [
            -109.5858496,
            43.3826532
          ],
          [
            -109.5858684,
            43.3825401
          ],
          [
            -109.5858764,
            43.3823062
          ],
          [
            -109.5857976,
            43.3822498
          ],
          [
            -109.5855562,
            43.3825109
          ],
          [
            -109.5854103,
            43.3827159
          ],
          [
            -109.585197,
            43.3830128
          ],
          [
            -109.584994,
            43.3832361
          ],
          [
            -109.5848652,
            43.3833511
          ],
          [
            -109.5848089,
            43.3833218
          ],
          [
            -109.5848277,
            43.3831464
          ],
          [
            -109.5848403,
            43.3828967
          ],
          [
            -109.5848531,
            43.3826571
          ],
          [
            -109.5848563,
            43.3825402
          ],
          [
            -109.5848146,
            43.3823476
          ],
          [
            -109.5848122,
            43.3821622
          ],
          [
            -109.5848293,
            43.3819287
          ],
          [
            -109.5847858,
            43.3816977
          ],
          [
            -109.5847764,
            43.3815431
          ],
          [
            -109.5848106,
            43.3814178
          ],
          [
            -109.5850034,
            43.3809586
          ],
          [
            -109.5853749,
            43.3802262
          ],
          [
            -109.585694,
            43.3797154
          ],
          [
            -109.5858684,
            43.3794269
          ],
          [
            -109.5859167,
            43.3791111
          ],
          [
            -109.5858791,
            43.379076
          ],
          [
            -109.5857665,
            43.3791696
          ],
          [
            -109.5855948,
            43.3793996
          ],
          [
            -109.5854687,
            43.3794269
          ],
          [
            -109.5849028,
            43.3797486
          ],
          [
            -109.5842671,
            43.3800546
          ],
          [
            -109.583349,
            43.3804294
          ],
          [
            -109.5831638,
            43.3804786
          ],
          [
            -109.5830055,
            43.3805378
          ],
          [
            -109.5829256,
            43.3805656
          ],
          [
            -109.5828174,
            43.3806563
          ],
          [
            -109.5827348,
            43.380686
          ],
          [
            -109.5825563,
            43.3806929
          ],
          [
            -109.5824783,
            43.3806727
          ],
          [
            -109.5823534,
            43.3804698
          ],
          [
            -109.5823222,
            43.3801269
          ],
          [
            -109.5823462,
            43.3794756
          ],
          [
            -109.5824197,
            43.3791154
          ],
          [
            -109.5824478,
            43.3787589
          ],
          [
            -109.5824374,
            43.3786158
          ],
          [
            -109.582479,
            43.3783846
          ],
          [
            -109.5824105,
            43.3782074
          ],
          [
            -109.5823966,
            43.3781109
          ],
          [
            -109.582274,
            43.3779297
          ],
          [
            -109.5822102,
            43.3778385
          ],
          [
            -109.581983,
            43.3777857
          ],
          [
            -109.5818041,
            43.3777301
          ],
          [
            -109.5817287,
            43.3776981
          ],
          [
            -109.5816741,
            43.3776749
          ],
          [
            -109.5816005,
            43.3778193
          ],
          [
            -109.5815833,
            43.3779173
          ],
          [
            -109.5815589,
            43.3779702
          ],
          [
            -109.5815257,
            43.3779744
          ],
          [
            -109.5815109,
            43.3778674
          ],
          [
            -109.5814373,
            43.3777649
          ],
          [
            -109.5813745,
            43.3776463
          ],
          [
            -109.581442,
            43.3775788
          ],
          [
            -109.5814459,
            43.3774859
          ],
          [
            -109.5814373,
            43.3774024
          ],
          [
            -109.5814018,
            43.3773504
          ],
          [
            -109.5813454,
            43.3770722
          ],
          [
            -109.5813501,
            43.3769373
          ],
          [
            -109.5813761,
            43.3768314
          ],
          [
            -109.5813257,
            43.3767403
          ],
          [
            -109.5813086,
            43.3765962
          ],
          [
            -109.5812767,
            43.3764589
          ],
          [
            -109.5811369,
            43.3761469
          ],
          [
            -109.5809627,
            43.3756495
          ],
          [
            -109.5808262,
            43.3751965
          ],
          [
            -109.5806597,
            43.374662
          ],
          [
            -109.5805765,
            43.3743342
          ],
          [
            -109.5802781,
            43.3738627
          ],
          [
            -109.5799659,
            43.3733659
          ],
          [
            -109.579626,
            43.3727885
          ],
          [
            -109.5791587,
            43.3720019
          ],
          [
            -109.5789684,
            43.3717424
          ],
          [
            -109.5788274,
            43.3714393
          ],
          [
            -109.5788103,
            43.3714063
          ],
          [
            -109.5785551,
            43.3711192
          ],
          [
            -109.5784435,
            43.3708856
          ],
          [
            -109.578357,
            43.3706944
          ],
          [
            -109.5783472,
            43.3706195
          ],
          [
            -109.5783423,
            43.3705687
          ],
          [
            -109.578265,
            43.3704127
          ],
          [
            -109.5782675,
            43.3702986
          ],
          [
            -109.5782508,
            43.3700155
          ],
          [
            -109.5781641,
            43.3697267
          ],
          [
            -109.5780548,
            43.36924
          ],
          [
            -109.5780372,
            43.3692326
          ],
          [
            -109.5780277,
            43.36899
          ],
          [
            -109.5779358,
            43.3686054
          ],
          [
            -109.5778421,
            43.3684239
          ],
          [
            -109.5778594,
            43.3682082
          ],
          [
            -109.5777987,
            43.3680052
          ],
          [
            -109.5777536,
            43.3676988
          ],
          [
            -109.5777085,
            43.3674719
          ],
          [
            -109.5776548,
            43.3670961
          ],
          [
            -109.5776149,
            43.3666863
          ],
          [
            -109.5775854,
            43.366298
          ],
          [
            -109.5775576,
            43.3662135
          ],
          [
            -109.5778251,
            43.3659045
          ],
          [
            -109.5779379,
            43.3656298
          ],
          [
            -109.577971,
            43.365372
          ],
          [
            -109.5779673,
            43.3643713
          ],
          [
            -109.5779003,
            43.3637911
          ],
          [
            -109.5779777,
            43.363389
          ],
          [
            -109.5779211,
            43.3628479
          ],
          [
            -109.5779384,
            43.3623511
          ],
          [
            -109.5782433,
            43.3617189
          ],
          [
            -109.5784102,
            43.3611354
          ],
          [
            -109.5783894,
            43.3606736
          ],
          [
            -109.5785004,
            43.3600434
          ],
          [
            -109.5785441,
            43.3591667
          ],
          [
            -109.5786926,
            43.3586772
          ],
          [
            -109.5784845,
            43.3582686
          ],
          [
            -109.5785828,
            43.3573463
          ],
          [
            -109.5785053,
            43.3566443
          ],
          [
            -109.5784085,
            43.3563839
          ],
          [
            -109.5782469,
            43.3560341
          ],
          [
            -109.5783844,
            43.3557942
          ],
          [
            -109.5784145,
            43.3557417
          ],
          [
            -109.5788015,
            43.3553096
          ],
          [
            -109.5791509,
            43.3550622
          ],
          [
            -109.5795241,
            43.3544333
          ],
          [
            -109.5796192,
            43.3542046
          ],
          [
            -109.5795899,
            43.353834
          ],
          [
            -109.5795813,
            43.3536258
          ],
          [
            -109.5794901,
            43.3533254
          ],
          [
            -109.5795142,
            43.3529549
          ],
          [
            -109.579482,
            43.3528242
          ],
          [
            -109.5793533,
            43.3523932
          ],
          [
            -109.5793828,
            43.3521318
          ],
          [
            -109.5793801,
            43.351812
          ],
          [
            -109.5793638,
            43.3517352
          ],
          [
            -109.5792657,
            43.3512749
          ],
          [
            -109.5793479,
            43.3503472
          ],
          [
            -109.5794969,
            43.3496292
          ],
          [
            -109.57943,
            43.348324
          ],
          [
            -109.579415,
            43.3474449
          ],
          [
            -109.579356,
            43.3469553
          ],
          [
            -109.579252,
            43.3464307
          ],
          [
            -109.5790958,
            43.345824
          ],
          [
            -109.5789057,
            43.3453037
          ],
          [
            -109.5786425,
            43.3445971
          ],
          [
            -109.5783501,
            43.3440217
          ],
          [
            -109.5780873,
            43.3437486
          ],
          [
            -109.5776226,
            43.3431158
          ],
          [
            -109.5767616,
            43.3423545
          ],
          [
            -109.5759873,
            43.3418146
          ],
          [
            -109.5745074,
            43.341481
          ],
          [
            -109.5742457,
            43.3413102
          ],
          [
            -109.5741059,
            43.341023
          ],
          [
            -109.5740544,
            43.3407964
          ],
          [
            -109.5740323,
            43.3406341
          ],
          [
            -109.5737135,
            43.3403718
          ],
          [
            -109.5733633,
            43.3399603
          ],
          [
            -109.5731468,
            43.3395173
          ],
          [
            -109.5729849,
            43.3393567
          ],
          [
            -109.5728795,
            43.3388679
          ],
          [
            -109.5726481,
            43.3384291
          ],
          [
            -109.57233,
            43.337967
          ],
          [
            -109.5722857,
            43.337713
          ],
          [
            -109.5720676,
            43.3372678
          ],
          [
            -109.5720857,
            43.3369802
          ],
          [
            -109.572011,
            43.3365535
          ],
          [
            -109.5718836,
            43.3360919
          ],
          [
            -109.5718051,
            43.3354817
          ],
          [
            -109.5716653,
            43.3346579
          ],
          [
            -109.5714131,
            43.3336815
          ],
          [
            -109.5711928,
            43.333037
          ],
          [
            -109.571107,
            43.332786
          ],
          [
            -109.5707945,
            43.3323487
          ],
          [
            -109.5704858,
            43.331927
          ],
          [
            -109.5703987,
            43.3316714
          ],
          [
            -109.5705093,
            43.3315313
          ],
          [
            -109.5706702,
            43.3313724
          ],
          [
            -109.5707467,
            43.3312894
          ],
          [
            -109.5708081,
            43.3309914
          ],
          [
            -109.5708007,
            43.3307987
          ],
          [
            -109.5709258,
            43.3306542
          ],
          [
            -109.5709283,
            43.3304954
          ],
          [
            -109.5708547,
            43.3303526
          ],
          [
            -109.5707786,
            43.3302688
          ],
          [
            -109.5707434,
            43.3301272
          ],
          [
            -109.5705814,
            43.3299942
          ],
          [
            -109.5705962,
            43.3298192
          ],
          [
            -109.5706206,
            43.3296726
          ],
          [
            -109.5708007,
            43.3293463
          ],
          [
            -109.5705849,
            43.3292481
          ],
          [
            -109.5703813,
            43.3292537
          ],
          [
            -109.5702002,
            43.3291123
          ],
          [
            -109.5700441,
            43.328923
          ],
          [
            -109.5699036,
            43.3288031
          ],
          [
            -109.569812,
            43.3287367
          ],
          [
            -109.5696276,
            43.3287366
          ],
          [
            -109.5695879,
            43.3286871
          ],
          [
            -109.5695525,
            43.328561
          ],
          [
            -109.5694769,
            43.3284953
          ],
          [
            -109.5692983,
            43.328436
          ],
          [
            -109.5689705,
            43.3279991
          ],
          [
            -109.5689007,
            43.327843
          ],
          [
            -109.5683377,
            43.3275577
          ],
          [
            -109.5681799,
            43.3273572
          ],
          [
            -109.5679297,
            43.3271413
          ],
          [
            -109.5679787,
            43.3271056
          ],
          [
            -109.5680425,
            43.3270842
          ],
          [
            -109.5679262,
            43.3268361
          ],
          [
            -109.5678832,
            43.3266852
          ],
          [
            -109.5677098,
            43.3263367
          ],
          [
            -109.5678118,
            43.326204
          ],
          [
            -109.5679694,
            43.3261579
          ],
          [
            -109.5682761,
            43.3261082
          ],
          [
            -109.568703,
            43.3260537
          ],
          [
            -109.5688595,
            43.3260277
          ],
          [
            -109.5691613,
            43.3262157
          ],
          [
            -109.5692497,
            43.3263002
          ],
          [
            -109.5694787,
            43.3263707
          ],
          [
            -109.569784,
            43.326459
          ],
          [
            -109.5699465,
            43.3264609
          ],
          [
            -109.5701048,
            43.3264174
          ],
          [
            -109.5702193,
            43.3263795
          ],
          [
            -109.5703824,
            43.3263707
          ],
          [
            -109.5704552,
            43.3263379
          ],
          [
            -109.5705246,
            43.3263126
          ],
          [
            -109.5706844,
            43.3263211
          ],
          [
            -109.5707977,
            43.326286
          ],
          [
            -109.5709178,
            43.3261299
          ],
          [
            -109.5710979,
            43.3259259
          ],
          [
            -109.5713281,
            43.3256304
          ],
          [
            -109.571245,
            43.3254177
          ],
          [
            -109.5710952,
            43.3252019
          ],
          [
            -109.571245,
            43.3250801
          ],
          [
            -109.571422,
            43.3249611
          ],
          [
            -109.5712562,
            43.3247317
          ],
          [
            -109.5709987,
            43.3245542
          ],
          [
            -109.5705829,
            43.3239921
          ],
          [
            -109.5707251,
            43.3235882
          ],
          [
            -109.5707354,
            43.323404
          ],
          [
            -109.5706334,
            43.3233162
          ],
          [
            -109.570502,
            43.3234079
          ],
          [
            -109.5703384,
            43.3235698
          ],
          [
            -109.5701989,
            43.3235854
          ],
          [
            -109.5701029,
            43.3234634
          ],
          [
            -109.5699071,
            43.3230751
          ],
          [
            -109.5696952,
            43.3227765
          ],
          [
            -109.5693921,
            43.3222653
          ],
          [
            -109.5693518,
            43.3221092
          ],
          [
            -109.5693701,
            43.3218156
          ],
          [
            -109.569266,
            43.3215433
          ],
          [
            -109.569228,
            43.3213044
          ],
          [
            -109.5694801,
            43.320998
          ],
          [
            -109.5697166,
            43.3210145
          ],
          [
            -109.5698717,
            43.3208555
          ],
          [
            -109.5697698,
            43.3207658
          ],
          [
            -109.5697108,
            43.3206604
          ],
          [
            -109.569818,
            43.3205921
          ],
          [
            -109.5698744,
            43.3204887
          ],
          [
            -109.5699607,
            43.3201793
          ],
          [
            -109.5699575,
            43.3200555
          ],
          [
            -109.5697703,
            43.319867
          ],
          [
            -109.5694001,
            43.3198495
          ],
          [
            -109.5692172,
            43.3197023
          ],
          [
            -109.5692065,
            43.3196223
          ],
          [
            -109.5690134,
            43.3194779
          ],
          [
            -109.569059,
            43.3194115
          ],
          [
            -109.5688422,
            43.3192329
          ],
          [
            -109.5684448,
            43.3190466
          ],
          [
            -109.5685467,
            43.3188495
          ],
          [
            -109.5686057,
            43.3186797
          ],
          [
            -109.5685199,
            43.3183382
          ],
          [
            -109.5687559,
            43.3182699
          ],
          [
            -109.569,
            43.3182016
          ],
          [
            -109.5693621,
            43.3183675
          ],
          [
            -109.5695847,
            43.3183538
          ],
          [
            -109.5697885,
            43.3182192
          ],
          [
            -109.569907,
            43.3180795
          ],
          [
            -109.5700782,
            43.3176123
          ],
          [
            -109.570068,
            43.3175039
          ],
          [
            -109.5699548,
            43.3173683
          ],
          [
            -109.5700809,
            43.3171654
          ],
          [
            -109.5702713,
            43.3170229
          ],
          [
            -109.5707037,
            43.3168599
          ],
          [
            -109.5708802,
            43.3167224
          ],
          [
            -109.5714998,
            43.3163985
          ],
          [
            -109.5716425,
            43.3161651
          ],
          [
            -109.5719611,
            43.3159477
          ],
          [
            -109.5721386,
            43.3156694
          ],
          [
            -109.5725566,
            43.3155222
          ],
          [
            -109.572621,
            43.315249
          ],
          [
            -109.5726751,
            43.3151699
          ],
          [
            -109.5730957,
            43.3150129
          ],
          [
            -109.5732003,
            43.3146069
          ],
          [
            -109.573292,
            43.3144654
          ],
          [
            -109.5733478,
            43.3143337
          ],
          [
            -109.573667,
            43.3141249
          ],
          [
            -109.573697,
            43.3136925
          ],
          [
            -109.5737909,
            43.3132983
          ],
          [
            -109.5738901,
            43.3127596
          ],
          [
            -109.5739116,
            43.3120258
          ],
          [
            -109.5739808,
            43.3118708
          ],
          [
            -109.5741605,
            43.3117908
          ],
          [
            -109.5741709,
            43.3117903
          ],
          [
            -109.5746755,
            43.3117654
          ],
          [
            -109.5751959,
            43.3117303
          ],
          [
            -109.5752844,
            43.3116405
          ],
          [
            -109.5750644,
            43.3115507
          ],
          [
            -109.5747404,
            43.3114481
          ],
          [
            -109.5742491,
            43.3113224
          ],
          [
            -109.5742276,
            43.311258
          ],
          [
            -109.5744234,
            43.3112853
          ],
          [
            -109.5746085,
            43.3112287
          ],
          [
            -109.5746621,
            43.311176
          ],
          [
            -109.5745441,
            43.3111623
          ],
          [
            -109.5742464,
            43.3111135
          ],
          [
            -109.5742196,
            43.3110823
          ],
          [
            -109.5743403,
            43.3110218
          ],
          [
            -109.5741927,
            43.310893
          ],
          [
            -109.5741766,
            43.3107251
          ],
          [
            -109.574279,
            43.3105074
          ],
          [
            -109.5744319,
            43.3102575
          ],
          [
            -109.5746706,
            43.3099414
          ],
          [
            -109.5747363,
            43.3098485
          ],
          [
            -109.5747775,
            43.3097903
          ],
          [
            -109.5744748,
            43.3096798
          ],
          [
            -109.5744744,
            43.30956
          ],
          [
            -109.5745843,
            43.3093941
          ],
          [
            -109.5744073,
            43.3091599
          ],
          [
            -109.57441,
            43.3090213
          ],
          [
            -109.5747801,
            43.3088827
          ],
          [
            -109.5746407,
            43.3086992
          ],
          [
            -109.5743376,
            43.3086056
          ],
          [
            -109.5741556,
            43.3085089
          ],
          [
            -109.5738923,
            43.3082777
          ],
          [
            -109.5738789,
            43.3079966
          ],
          [
            -109.5739835,
            43.3078385
          ],
          [
            -109.5739883,
            43.3077771
          ],
          [
            -109.573992,
            43.3077301
          ],
          [
            -109.5738065,
            43.3072725
          ],
          [
            -109.5740081,
            43.3068459
          ],
          [
            -109.573815,
            43.3066644
          ],
          [
            -109.5735249,
            43.3065503
          ],
          [
            -109.5732191,
            43.3065152
          ],
          [
            -109.572946,
            43.3062858
          ],
          [
            -109.5725888,
            43.3058438
          ],
          [
            -109.5726317,
            43.3057032
          ],
          [
            -109.5729084,
            43.3055616
          ],
          [
            -109.5732839,
            43.3054269
          ],
          [
            -109.5732566,
            43.305145
          ],
          [
            -109.5733,
            43.3049116
          ],
          [
            -109.5732754,
            43.3046785
          ],
          [
            -109.5731386,
            43.3046121
          ],
          [
            -109.5729407,
            43.3045779
          ],
          [
            -109.5728114,
            43.3043428
          ],
          [
            -109.5728221,
            43.3041495
          ],
          [
            -109.5727524,
            43.3040266
          ],
          [
            -109.5728763,
            43.3038556
          ],
          [
            -109.5728066,
            43.3037386
          ],
          [
            -109.572401,
            43.303439
          ],
          [
            -109.5724117,
            43.3033746
          ],
          [
            -109.5725619,
            43.3033161
          ],
          [
            -109.5726156,
            43.3032048
          ],
          [
            -109.5726666,
            43.3029647
          ],
          [
            -109.5726268,
            43.3027743
          ],
          [
            -109.572313,
            43.302419
          ],
          [
            -109.5721247,
            43.3022132
          ],
          [
            -109.5720952,
            43.3020746
          ],
          [
            -109.571959,
            43.3020286
          ],
          [
            -109.5717761,
            43.302141
          ],
          [
            -109.5716527,
            43.3020883
          ],
          [
            -109.571642,
            43.3020297
          ],
          [
            -109.5716929,
            43.3019028
          ],
          [
            -109.5717197,
            43.3017564
          ],
          [
            -109.5715588,
            43.3016764
          ],
          [
            -109.5713335,
            43.3016159
          ],
          [
            -109.5711457,
            43.3015281
          ],
          [
            -109.5709473,
            43.3015417
          ],
          [
            -109.5709634,
            43.3014676
          ],
          [
            -109.5710385,
            43.3013329
          ],
          [
            -109.5711484,
            43.3011884
          ],
          [
            -109.5710733,
            43.3009854
          ],
          [
            -109.5711409,
            43.3009218
          ],
          [
            -109.5715373,
            43.3008214
          ],
          [
            -109.5717814,
            43.3009073
          ],
          [
            -109.5721033,
            43.3007922
          ],
          [
            -109.5726294,
            43.3008009
          ],
          [
            -109.5728194,
            43.3006555
          ],
          [
            -109.5726719,
            43.3006087
          ],
          [
            -109.5728682,
            43.3004397
          ],
          [
            -109.5728838,
            43.3001792
          ],
          [
            -109.5728741,
            43.3001582
          ],
          [
            -109.5728141,
            43.3000289
          ],
          [
            -109.57249,
            43.2999263
          ],
          [
            -109.5723076,
            43.2998287
          ],
          [
            -109.5720045,
            43.2994891
          ],
          [
            -109.5716661,
            43.2994257
          ],
          [
            -109.5714381,
            43.2993437
          ],
          [
            -109.5713791,
            43.2991622
          ],
          [
            -109.5712616,
            43.2989542
          ],
          [
            -109.5710626,
            43.2987503
          ],
          [
            -109.5710068,
            43.2984955
          ],
          [
            -109.570827,
            43.2979547
          ],
          [
            -109.5705948,
            43.2978517
          ],
          [
            -109.5704993,
            43.2978094
          ],
          [
            -109.5703335,
            43.2975604
          ],
          [
            -109.5701914,
            43.2974706
          ],
          [
            -109.5700219,
            43.297337
          ],
          [
            -109.5698234,
            43.2973136
          ],
          [
            -109.5698395,
            43.2972023
          ],
          [
            -109.5695852,
            43.2971075
          ],
          [
            -109.5693867,
            43.2970997
          ],
          [
            -109.5694184,
            43.2970051
          ],
          [
            -109.5691609,
            43.2970032
          ],
          [
            -109.5687452,
            43.2971164
          ],
          [
            -109.5682199,
            43.2974101
          ],
          [
            -109.5680027,
            43.2974433
          ],
          [
            -109.5677501,
            43.2976357
          ],
          [
            -109.5674738,
            43.2977138
          ],
          [
            -109.567286,
            43.2977801
          ],
          [
            -109.5671037,
            43.2977274
          ],
          [
            -109.5671712,
            43.2975838
          ],
          [
            -109.5672351,
            43.2974502
          ],
          [
            -109.5672646,
            43.2973507
          ],
          [
            -109.5671171,
            43.2973448
          ],
          [
            -109.5668569,
            43.2975576
          ],
          [
            -109.5666343,
            43.2976962
          ],
          [
            -109.5664438,
            43.2976806
          ],
          [
            -109.5663848,
            43.2976513
          ],
          [
            -109.5663907,
            43.297455
          ],
          [
            -109.5661225,
            43.2973672
          ],
          [
            -109.5658993,
            43.2971867
          ],
          [
            -109.565666,
            43.2969993
          ],
          [
            -109.5656987,
            43.2966117
          ],
          [
            -109.5657974,
            43.2964702
          ],
          [
            -109.5656714,
            43.2964781
          ],
          [
            -109.5655104,
            43.2965132
          ],
          [
            -109.565446,
            43.2964722
          ],
          [
            -109.5651569,
            43.2965706
          ],
          [
            -109.5638721,
            43.2965063
          ],
          [
            -109.5636758,
            43.2964175
          ],
          [
            -109.563488,
            43.2960974
          ],
          [
            -109.5631854,
            43.2961119
          ],
          [
            -109.5629333,
            43.2961803
          ],
          [
            -109.562729,
            43.2962223
          ],
          [
            -109.5625654,
            43.2961813
          ],
          [
            -109.5625466,
            43.2960466
          ],
          [
            -109.56245,
            43.2959685
          ],
          [
            -109.5622006,
            43.2958905
          ],
          [
            -109.5621711,
            43.295787
          ],
          [
            -109.5623293,
            43.2955332
          ],
          [
            -109.5622279,
            43.2953955
          ],
          [
            -109.5622381,
            43.295217
          ],
          [
            -109.5618765,
            43.2950616
          ],
          [
            -109.5615546,
            43.2949387
          ],
          [
            -109.5616132,
            43.2948968
          ],
          [
            -109.5619838,
            43.2946517
          ],
          [
            -109.5620482,
            43.2945482
          ],
          [
            -109.561809,
            43.2945395
          ],
          [
            -109.5611389,
            43.2944975
          ],
          [
            -109.5610097,
            43.2942662
          ],
          [
            -109.5612569,
            43.2937869
          ],
          [
            -109.5609055,
            43.2935858
          ],
          [
            -109.560581,
            43.2935545
          ],
          [
            -109.5604009,
            43.293419
          ],
          [
            -109.5603204,
            43.2935205
          ],
          [
            -109.5601595,
            43.2936337
          ],
          [
            -109.5598161,
            43.2934697
          ],
          [
            -109.5592582,
            43.2934658
          ],
          [
            -109.5591134,
            43.2933838
          ],
          [
            -109.5590736,
            43.2931563
          ],
          [
            -109.558859,
            43.2926995
          ],
          [
            -109.5588,
            43.2923441
          ],
          [
            -109.5586843,
            43.2922554
          ],
          [
            -109.5583463,
            43.2922789
          ],
          [
            -109.557944,
            43.2923218
          ],
          [
            -109.5578366,
            43.2923003
          ],
          [
            -109.5579064,
            43.2922066
          ],
          [
            -109.5578634,
            43.2921715
          ],
          [
            -109.5576462,
            43.2921636
          ],
          [
            -109.5575743,
            43.2920844
          ],
          [
            -109.5573056,
            43.2917752
          ],
          [
            -109.5572612,
            43.2914731
          ],
          [
            -109.5572497,
            43.2913953
          ],
          [
            -109.5570513,
            43.2910439
          ],
          [
            -109.556504,
            43.2904894
          ],
          [
            -109.5557499,
            43.289733
          ],
          [
            -109.5556994,
            43.2895015
          ],
          [
            -109.5555062,
            43.2893922
          ],
          [
            -109.5552349,
            43.2893308
          ],
          [
            -109.5548996,
            43.2889833
          ],
          [
            -109.5548755,
            43.2888056
          ],
          [
            -109.5547392,
            43.2884589
          ],
          [
            -109.5540311,
            43.2881934
          ],
          [
            -109.5537141,
            43.2881672
          ],
          [
            -109.5536041,
            43.2881281
          ],
          [
            -109.5537167,
            43.2879758
          ],
          [
            -109.5538647,
            43.287799
          ],
          [
            -109.5537704,
            43.2876244
          ],
          [
            -109.5538589,
            43.2875151
          ],
          [
            -109.5540413,
            43.2873921
          ],
          [
            -109.5539693,
            43.2871781
          ],
          [
            -109.5540788,
            43.2868493
          ],
          [
            -109.5542617,
            43.2863952
          ],
          [
            -109.5542827,
            43.2861893
          ],
          [
            -109.5544736,
            43.2860164
          ],
          [
            -109.5547628,
            43.2858711
          ],
          [
            -109.5552434,
            43.2854756
          ],
          [
            -109.5557638,
            43.2852843
          ],
          [
            -109.556289,
            43.2851018
          ],
          [
            -109.556555,
            43.2848937
          ],
          [
            -109.5570566,
            43.2845306
          ],
          [
            -109.5573141,
            43.2842377
          ],
          [
            -109.5576086,
            43.2840455
          ],
          [
            -109.5579632,
            43.2837066
          ],
          [
            -109.558741,
            43.2832965
          ],
          [
            -109.5593553,
            43.2830525
          ],
          [
            -109.5597576,
            43.2826522
          ],
          [
            -109.5612194,
            43.2820938
          ],
          [
            -109.5617285,
            43.2816243
          ],
          [
            -109.5622408,
            43.2814681
          ],
          [
            -109.5624586,
            43.2814885
          ],
          [
            -109.5628148,
            43.2815305
          ],
          [
            -109.5632976,
            43.281345
          ],
          [
            -109.5638238,
            43.281055
          ],
          [
            -109.5646231,
            43.2810511
          ],
          [
            -109.5649498,
            43.2809584
          ],
          [
            -109.5655002,
            43.2803383
          ],
          [
            -109.5657384,
            43.2801032
          ],
          [
            -109.5657921,
            43.2799694
          ],
          [
            -109.565829,
            43.279924
          ],
          [
            -109.5658156,
            43.2798732
          ],
          [
            -109.56602,
            43.2798024
          ],
          [
            -109.5662668,
            43.2796814
          ],
          [
            -109.5665377,
            43.2796072
          ],
          [
            -109.566653,
            43.2794724
          ],
          [
            -109.5668515,
            43.2792733
          ],
          [
            -109.5669727,
            43.2791815
          ],
          [
            -109.5668918,
            43.2790858
          ],
          [
            -109.5668677,
            43.2789843
          ],
          [
            -109.5667791,
            43.2789257
          ],
          [
            -109.5666021,
            43.2789081
          ],
          [
            -109.566476,
            43.2788456
          ],
          [
            -109.5664133,
            43.2787379
          ],
          [
            -109.5664707,
            43.2785215
          ],
          [
            -109.5662937,
            43.2785059
          ],
          [
            -109.5661293,
            43.2784919
          ],
          [
            -109.5661327,
            43.2783906
          ],
          [
            -109.5663151,
            43.2781973
          ],
          [
            -109.5663585,
            43.2779579
          ],
          [
            -109.5663883,
            43.27788
          ],
          [
            -109.5664358,
            43.277756
          ],
          [
            -109.5662829,
            43.277506
          ],
          [
            -109.5660849,
            43.277501
          ],
          [
            -109.5657738,
            43.2770363
          ],
          [
            -109.5656123,
            43.2767913
          ],
          [
            -109.5654251,
            43.2766731
          ],
          [
            -109.5651322,
            43.2765941
          ],
          [
            -109.5647492,
            43.2765774
          ],
          [
            -109.5644456,
            43.2766761
          ],
          [
            -109.5641157,
            43.276723
          ],
          [
            -109.5631264,
            43.2764641
          ],
          [
            -109.5627751,
            43.2761419
          ],
          [
            -109.5623749,
            43.2757602
          ],
          [
            -109.5621603,
            43.2756587
          ],
          [
            -109.56164,
            43.2756665
          ],
          [
            -109.5614361,
            43.2755454
          ],
          [
            -109.5612779,
            43.275315
          ],
          [
            -109.5612971,
            43.2750738
          ],
          [
            -109.5614554,
            43.2744097
          ],
          [
            -109.5611411,
            43.2742195
          ],
          [
            -109.5609775,
            43.2740066
          ],
          [
            -109.5609324,
            43.2737126
          ],
          [
            -109.5611898,
            43.2734782
          ],
          [
            -109.5616802,
            43.2734012
          ],
          [
            -109.5620235,
            43.2731883
          ],
          [
            -109.5622332,
            43.2729236
          ],
          [
            -109.562678,
            43.2723662
          ],
          [
            -109.5624666,
            43.2719842
          ],
          [
            -109.5625068,
            43.2717635
          ],
          [
            -109.5626083,
            43.2715694
          ],
          [
            -109.5630535,
            43.2711983
          ],
          [
            -109.5632981,
            43.2707129
          ],
          [
            -109.5634697,
            43.270291
          ],
          [
            -109.5635959,
            43.2698594
          ],
          [
            -109.5636012,
            43.2697071
          ],
          [
            -109.5634854,
            43.2694054
          ],
          [
            -109.5631554,
            43.2693215
          ],
          [
            -109.5628577,
            43.2693644
          ],
          [
            -109.5619436,
            43.2690469
          ],
          [
            -109.5617285,
            43.2689602
          ],
          [
            -109.5611867,
            43.2689582
          ],
          [
            -109.5609212,
            43.2690402
          ],
          [
            -109.5606798,
            43.2690148
          ],
          [
            -109.5606234,
            43.2688156
          ],
          [
            -109.56053,
            43.2686017
          ],
          [
            -109.5606744,
            43.2684817
          ],
          [
            -109.560897,
            43.2683157
          ],
          [
            -109.5610773,
            43.2682423
          ],
          [
            -109.5613986,
            43.2681399
          ],
          [
            -109.5614871,
            43.2680559
          ],
          [
            -109.5612301,
            43.2680314
          ],
          [
            -109.5607012,
            43.2680246
          ],
          [
            -109.5603472,
            43.267675
          ],
          [
            -109.560286,
            43.2675568
          ],
          [
            -109.5602157,
            43.2672004
          ],
          [
            -109.5599454,
            43.2669084
          ],
          [
            -109.5600419,
            43.2666076
          ],
          [
            -109.560125,
            43.2660099
          ],
          [
            -109.5602538,
            43.2652286
          ],
          [
            -109.5602967,
            43.2646857
          ],
          [
            -109.5604813,
            43.2644172
          ],
          [
            -109.5610316,
            43.2642365
          ],
          [
            -109.561434,
            43.2640099
          ],
          [
            -109.5619489,
            43.2639122
          ],
          [
            -109.5623348,
            43.2638085
          ],
          [
            -109.5626217,
            43.2637104
          ],
          [
            -109.5627542,
            43.2636622
          ],
          [
            -109.5630297,
            43.2635229
          ],
          [
            -109.5632736,
            43.2634188
          ],
          [
            -109.5634964,
            43.2634495
          ],
          [
            -109.5637026,
            43.2634703
          ],
          [
            -109.5638968,
            43.2633223
          ],
          [
            -109.5640579,
            43.2632258
          ],
          [
            -109.564207,
            43.2631491
          ],
          [
            -109.5642582,
            43.2630416
          ],
          [
            -109.5642684,
            43.2628782
          ],
          [
            -109.564294,
            43.2628245
          ],
          [
            -109.5643768,
            43.2627916
          ],
          [
            -109.5644943,
            43.2628026
          ],
          [
            -109.5648812,
            43.2627855
          ],
          [
            -109.5654858,
            43.2627219
          ],
          [
            -109.5657647,
            43.2627327
          ],
          [
            -109.566099,
            43.2627513
          ],
          [
            -109.5662352,
            43.2626847
          ],
          [
            -109.566495,
            43.2626397
          ],
          [
            -109.5668399,
            43.2625839
          ],
          [
            -109.5669996,
            43.2624754
          ],
          [
            -109.5673961,
            43.2620734
          ],
          [
            -109.5678038,
            43.2618585
          ],
          [
            -109.5682705,
            43.2615616
          ],
          [
            -109.5683194,
            43.2615226
          ],
          [
            -109.5684958,
            43.2615206
          ],
          [
            -109.5686755,
            43.261462
          ],
          [
            -109.5690134,
            43.2613604
          ],
          [
            -109.5693728,
            43.2611612
          ],
          [
            -109.5700327,
            43.2609991
          ],
          [
            -109.5705691,
            43.2609737
          ],
          [
            -109.5708017,
            43.2609628
          ],
          [
            -109.5709209,
            43.2608899
          ],
          [
            -109.5713105,
            43.2607829
          ],
          [
            -109.5717789,
            43.2605907
          ],
          [
            -109.5719706,
            43.2605333
          ],
          [
            -109.5721622,
            43.2605457
          ],
          [
            -109.5723282,
            43.2604945
          ],
          [
            -109.5733523,
            43.2599488
          ],
          [
            -109.5734673,
            43.2598728
          ],
          [
            -109.5735964,
            43.2598055
          ],
          [
            -109.5738271,
            43.2596852
          ],
          [
            -109.5741592,
            43.2595363
          ],
          [
            -109.5742827,
            43.2595022
          ],
          [
            -109.5744637,
            43.2593503
          ],
          [
            -109.5745872,
            43.2592743
          ],
          [
            -109.5747639,
            43.2592061
          ],
          [
            -109.5747718,
            43.2591974
          ],
          [
            -109.5749576,
            43.2589952
          ],
          [
            -109.5750726,
            43.2588712
          ],
          [
            -109.5751663,
            43.2587952
          ],
          [
            -109.5752408,
            43.2585378
          ],
          [
            -109.5753536,
            43.2584448
          ],
          [
            -109.5753196,
            43.2583424
          ],
          [
            -109.5753536,
            43.258192
          ],
          [
            -109.5753919,
            43.2579719
          ],
          [
            -109.5755069,
            43.2578664
          ],
          [
            -109.5755862,
            43.2578099
          ],
          [
            -109.5757028,
            43.2577269
          ],
          [
            -109.575871,
            43.2575982
          ],
          [
            -109.5759498,
            43.2573796
          ],
          [
            -109.5759838,
            43.2572772
          ],
          [
            -109.5760221,
            43.2571718
          ],
          [
            -109.5759987,
            43.2570167
          ],
          [
            -109.5759625,
            43.2568818
          ],
          [
            -109.5758965,
            43.2566942
          ],
          [
            -109.5758263,
            43.2566105
          ],
          [
            -109.575707,
            43.256457
          ],
          [
            -109.5756581,
            43.2563593
          ],
          [
            -109.5756368,
            43.2561096
          ],
          [
            -109.5756496,
            43.2559933
          ],
          [
            -109.5757177,
            43.2559034
          ],
          [
            -109.5757369,
            43.255708
          ],
          [
            -109.5757667,
            43.2556507
          ],
          [
            -109.5759093,
            43.2555468
          ],
          [
            -109.5759689,
            43.2553948
          ],
          [
            -109.576118,
            43.2551514
          ],
          [
            -109.5761733,
            43.2550862
          ],
          [
            -109.576267,
            43.2550118
          ],
          [
            -109.5763223,
            43.2549048
          ],
          [
            -109.5764331,
            43.2546707
          ],
          [
            -109.5764309,
            43.2545807
          ],
          [
            -109.5764501,
            43.254497
          ],
          [
            -109.5764075,
            43.2544164
          ],
          [
            -109.5763351,
            43.2542877
          ],
          [
            -109.5762862,
            43.2541342
          ],
          [
            -109.5763479,
            43.2540628
          ],
          [
            -109.5764416,
            43.2539357
          ],
          [
            -109.5764458,
            43.253838
          ],
          [
            -109.576416,
            43.2537465
          ],
          [
            -109.5762819,
            43.2536535
          ],
          [
            -109.5762734,
            43.2535542
          ],
          [
            -109.5762116,
            43.2534053
          ],
          [
            -109.5761414,
            43.2533046
          ],
          [
            -109.5760009,
            43.2531712
          ],
          [
            -109.5758838,
            43.2529913
          ],
          [
            -109.5757432,
            43.2528231
          ],
          [
            -109.5755878,
            43.252554
          ],
          [
            -109.5754239,
            43.2524067
          ],
          [
            -109.5753664,
            43.2522982
          ],
          [
            -109.5753579,
            43.252171
          ],
          [
            -109.5752003,
            43.2520408
          ],
          [
            -109.5748512,
            43.2515337
          ],
          [
            -109.5748214,
            43.2514158
          ],
          [
            -109.5746532,
            43.2511925
          ],
          [
            -109.5742769,
            43.2508233
          ],
          [
            -109.5740989,
            43.2506751
          ],
          [
            -109.5741793,
            43.2503664
          ],
          [
            -109.5740291,
            43.2500909
          ],
          [
            -109.5740586,
            43.2498936
          ],
          [
            -109.5743966,
            43.2494404
          ],
          [
            -109.5743081,
            43.2490965
          ],
          [
            -109.5745307,
            43.2490379
          ],
          [
            -109.5748123,
            43.2490281
          ],
          [
            -109.5749303,
            43.2489148
          ],
          [
            -109.5749518,
            43.2482922
          ],
          [
            -109.574764,
            43.2480591
          ],
          [
            -109.5744127,
            43.2478559
          ],
          [
            -109.5742571,
            43.2475961
          ],
          [
            -109.5743054,
            43.2474769
          ],
          [
            -109.5743752,
            43.2474184
          ],
          [
            -109.5744932,
            43.2474222
          ],
          [
            -109.5745816,
            43.2473906
          ],
          [
            -109.5745834,
            43.2472605
          ],
          [
            -109.5744897,
            43.2469307
          ],
          [
            -109.574396,
            43.2465732
          ],
          [
            -109.5743527,
            43.2462876
          ],
          [
            -109.5743128,
            43.246088
          ],
          [
            -109.5743249,
            43.2460653
          ],
          [
            -109.5742729,
            43.2459692
          ],
          [
            -109.574207,
            43.2458998
          ],
          [
            -109.5742035,
            43.2457633
          ],
          [
            -109.5742833,
            43.2456041
          ],
          [
            -109.5743614,
            43.2454702
          ],
          [
            -109.5743596,
            43.245316
          ],
          [
            -109.5743319,
            43.2451695
          ],
          [
            -109.5743336,
            43.2450065
          ],
          [
            -109.5744169,
            43.2448612
          ],
          [
            -109.5743614,
            43.2446729
          ],
          [
            -109.574328,
            43.2445144
          ],
          [
            -109.5743047,
            43.2443813
          ],
          [
            -109.5743452,
            43.2441945
          ],
          [
            -109.5744127,
            43.2440257
          ],
          [
            -109.5743109,
            43.2438604
          ],
          [
            -109.5743366,
            43.243654
          ],
          [
            -109.574371,
            43.2434637
          ],
          [
            -109.5745279,
            43.2431912
          ],
          [
            -109.5745733,
            43.2431394
          ],
          [
            -109.5747131,
            43.2428437
          ],
          [
            -109.5748174,
            43.2426087
          ],
          [
            -109.5749082,
            43.2424774
          ],
          [
            -109.5751117,
            43.2423219
          ],
          [
            -109.5754085,
            43.2421495
          ],
          [
            -109.5754625,
            43.2419547
          ],
          [
            -109.5755103,
            43.2418136
          ],
          [
            -109.5757569,
            43.2416277
          ],
          [
            -109.5759396,
            43.2414544
          ],
          [
            -109.5761739,
            43.241374
          ],
          [
            -109.576375,
            43.2412382
          ],
          [
            -109.57657,
            43.2410809
          ],
          [
            -109.5768779,
            43.2408915
          ],
          [
            -109.5770569,
            43.2407834
          ],
          [
            -109.5771391,
            43.2406771
          ],
          [
            -109.5772495,
            43.2406047
          ],
          [
            -109.577236,
            43.2405029
          ],
          [
            -109.577328,
            43.2404046
          ],
          [
            -109.5774776,
            43.2401616
          ],
          [
            -109.5776984,
            43.2400061
          ],
          [
            -109.5783152,
            43.239746
          ],
          [
            -109.5787561,
            43.2396771
          ],
          [
            -109.5789689,
            43.239351
          ],
          [
            -109.5789759,
            43.2392068
          ],
          [
            -109.5790609,
            43.2390299
          ],
          [
            -109.5792434,
            43.2389102
          ],
          [
            -109.5792621,
            43.2388454
          ],
          [
            -109.5793639,
            43.2386591
          ],
          [
            -109.5796506,
            43.2385409
          ],
          [
            -109.5798952,
            43.2384044
          ],
          [
            -109.5800912,
            43.2383273
          ],
          [
            -109.5803687,
            43.2382743
          ],
          [
            -109.580667,
            43.2382338
          ],
          [
            -109.5808162,
            43.2381479
          ],
          [
            -109.5809758,
            43.238134
          ],
          [
            -109.581314,
            43.238014
          ],
          [
            -109.5814701,
            43.2379634
          ],
          [
            -109.5815173,
            43.2379077
          ],
          [
            -109.5815109,
            43.2377838
          ],
          [
            -109.5815412,
            43.2376627
          ],
          [
            -109.5816354,
            43.237568
          ],
          [
            -109.5817279,
            43.2375632
          ],
          [
            -109.5817904,
            43.2375986
          ],
          [
            -109.5818187,
            43.2376968
          ],
          [
            -109.5819124,
            43.2377347
          ],
          [
            -109.582072,
            43.2376968
          ],
          [
            -109.582294,
            43.2376222
          ],
          [
            -109.5824327,
            43.2374782
          ],
          [
            -109.5823859,
            43.237276
          ],
          [
            -109.5822992,
            43.2370422
          ],
          [
            -109.5822593,
            43.2369715
          ],
          [
            -109.582372,
            43.2368274
          ],
          [
            -109.5825108,
            43.2367339
          ],
          [
            -109.5825975,
            43.2366
          ],
          [
            -109.5826686,
            43.236514
          ],
          [
            -109.582764,
            43.2364433
          ],
          [
            -109.5829236,
            43.23637
          ],
          [
            -109.583084,
            43.2362383
          ],
          [
            -109.5831969,
            43.2361177
          ],
          [
            -109.5833968,
            43.2359426
          ],
          [
            -109.5834949,
            43.2358407
          ],
          [
            -109.5835636,
            43.2358103
          ],
          [
            -109.5835378,
            43.235679
          ],
          [
            -109.5835378,
            43.2355619
          ],
          [
            -109.5835709,
            43.2354753
          ],
          [
            -109.5835697,
            43.2354029
          ],
          [
            -109.5835525,
            43.2353234
          ],
          [
            -109.5836028,
            43.2352349
          ],
          [
            -109.5836727,
            43.2351697
          ],
          [
            -109.5837316,
            43.2350758
          ],
          [
            -109.5837414,
            43.2349874
          ],
          [
            -109.5836849,
            43.2349169
          ],
          [
            -109.5836849,
            43.2348815
          ],
          [
            -109.583645,
            43.2347437
          ],
          [
            -109.5835825,
            43.2346603
          ],
          [
            -109.5834576,
            43.2345757
          ],
          [
            -109.5834091,
            43.2345062
          ],
          [
            -109.5834212,
            43.2344367
          ],
          [
            -109.5834309,
            43.2343395
          ],
          [
            -109.5834856,
            43.2342385
          ],
          [
            -109.5835513,
            43.2341523
          ],
          [
            -109.5835704,
            43.2341208
          ],
          [
            -109.5836242,
            43.2341005
          ],
          [
            -109.5837057,
            43.2341347
          ],
          [
            -109.5837646,
            43.2341827
          ],
          [
            -109.5837976,
            43.2341599
          ],
          [
            -109.5837837,
            43.2340791
          ],
          [
            -109.5837924,
            43.2340222
          ],
          [
            -109.5838115,
            43.2339565
          ],
          [
            -109.5837282,
            43.2339249
          ],
          [
            -109.5837369,
            43.2338579
          ],
          [
            -109.5838271,
            43.2337429
          ],
          [
            -109.5839294,
            43.233638
          ],
          [
            -109.5841289,
            43.2335812
          ],
          [
            -109.584259,
            43.2335129
          ],
          [
            -109.5843925,
            43.2333701
          ],
          [
            -109.5844255,
            43.2332488
          ],
          [
            -109.5844532,
            43.2331439
          ],
          [
            -109.5844515,
            43.2329834
          ],
          [
            -109.5844897,
            43.2328937
          ],
          [
            -109.5845885,
            43.2327294
          ],
          [
            -109.5847203,
            43.2326486
          ],
          [
            -109.5849129,
            43.2325904
          ],
          [
            -109.5849892,
            43.2325348
          ],
          [
            -109.585173,
            43.2324186
          ],
          [
            -109.5853864,
            43.232301
          ],
          [
            -109.5856362,
            43.2322101
          ],
          [
            -109.5857454,
            43.2321671
          ],
          [
            -109.5859102,
            43.2321165
          ],
          [
            -109.5861166,
            43.2320837
          ],
          [
            -109.5861999,
            43.2320483
          ],
          [
            -109.5863456,
            43.2320154
          ],
          [
            -109.5865346,
            43.231956
          ],
          [
            -109.5866838,
            43.2319447
          ],
          [
            -109.5868815,
            43.2318979
          ],
          [
            -109.5870515,
            43.2318625
          ],
          [
            -109.5872336,
            43.2317816
          ],
          [
            -109.5873758,
            43.2316843
          ],
          [
            -109.5874504,
            43.2316401
          ],
          [
            -109.5875684,
            43.2316073
          ],
          [
            -109.5876894,
            43.2315532
          ],
          [
            -109.5877678,
            43.2315062
          ],
          [
            -109.5879041,
            43.2315054
          ],
          [
            -109.5880825,
            43.2315603
          ],
          [
            -109.5882951,
            43.2315213
          ],
          [
            -109.5884755,
            43.2314708
          ],
          [
            -109.5886143,
            43.2314152
          ],
          [
            -109.5887495,
            43.2313608
          ],
          [
            -109.5889421,
            43.2312951
          ],
          [
            -109.5890357,
            43.231213
          ],
          [
            -109.5890756,
            43.2311814
          ],
          [
            -109.5892647,
            43.2311384
          ],
          [
            -109.5894139,
            43.2311447
          ],
          [
            -109.5895786,
            43.2310828
          ],
          [
            -109.5899203,
            43.2310537
          ],
          [
            -109.5900157,
            43.2310247
          ],
          [
            -109.5902187,
            43.2309564
          ],
          [
            -109.5905621,
            43.2308958
          ],
          [
            -109.5906644,
            43.230825
          ],
          [
            -109.5908188,
            43.230729
          ],
          [
            -109.5908795,
            43.2306847
          ],
          [
            -109.5910529,
            43.2306544
          ],
          [
            -109.5911813,
            43.2305963
          ],
          [
            -109.5914137,
            43.230571
          ],
          [
            -109.5915898,
            43.2304594
          ],
          [
            -109.5916437,
            43.2303888
          ],
          [
            -109.5917676,
            43.2302664
          ],
          [
            -109.5918056,
            43.2301503
          ],
          [
            -109.5918142,
            43.2301083
          ],
          [
            -109.5918804,
            43.2300689
          ],
          [
            -109.5919037,
            43.2299054
          ],
          [
            -109.5919822,
            43.2297857
          ],
          [
            -109.5921,
            43.2297303
          ],
          [
            -109.592279,
            43.229707
          ],
          [
            -109.5923968,
            43.2296766
          ],
          [
            -109.5925251,
            43.2297178
          ],
          [
            -109.5927379,
            43.229707
          ],
          [
            -109.5927968,
            43.2295833
          ],
          [
            -109.5928748,
            43.2295476
          ],
          [
            -109.5929082,
            43.2294282
          ],
          [
            -109.5930137,
            43.2293406
          ],
          [
            -109.5932686,
            43.2291612
          ],
          [
            -109.5934594,
            43.2290285
          ],
          [
            -109.5939195,
            43.2287946
          ],
          [
            -109.5940476,
            43.228706
          ],
          [
            -109.59432,
            43.2285493
          ],
          [
            -109.5945074,
            43.2284242
          ],
          [
            -109.5946302,
            43.2283506
          ],
          [
            -109.5949025,
            43.2283149
          ],
          [
            -109.595111,
            43.2283175
          ],
          [
            -109.5951735,
            43.2282711
          ],
          [
            -109.5953424,
            43.2281836
          ],
          [
            -109.5953875,
            43.2281432
          ],
          [
            -109.5954187,
            43.2280294
          ],
          [
            -109.5955089,
            43.2279005
          ],
          [
            -109.5956719,
            43.2278348
          ],
          [
            -109.5957309,
            43.2277691
          ],
          [
            -109.5958055,
            43.2277059
          ],
          [
            -109.5958506,
            43.227644
          ],
          [
            -109.5959148,
            43.2276111
          ],
          [
            -109.5960882,
            43.2275644
          ],
          [
            -109.5962807,
            43.2275479
          ],
          [
            -109.5964473,
            43.2274835
          ],
          [
            -109.5966016,
            43.2274822
          ],
          [
            -109.5967439,
            43.2274645
          ],
          [
            -109.5968011,
            43.2273988
          ],
          [
            -109.5970977,
            43.2271713
          ],
          [
            -109.5971723,
            43.2269944
          ],
          [
            -109.5973353,
            43.2267972
          ],
          [
            -109.5974203,
            43.2266949
          ],
          [
            -109.5975174,
            43.2266342
          ],
          [
            -109.5976163,
            43.226614
          ],
          [
            -109.5976943,
            43.2265697
          ],
          [
            -109.5978435,
            43.226547
          ],
          [
            -109.597958,
            43.226528
          ],
          [
            -109.5982043,
            43.2263511
          ],
          [
            -109.5984194,
            43.2262462
          ],
          [
            -109.5986032,
            43.2261805
          ],
          [
            -109.5987715,
            43.2261198
          ],
          [
            -109.5989484,
            43.2260415
          ],
          [
            -109.5989796,
            43.2259429
          ],
          [
            -109.5990663,
            43.2258468
          ],
          [
            -109.5991288,
            43.225699
          ],
          [
            -109.5991305,
            43.2255915
          ],
          [
            -109.5990767,
            43.2253666
          ],
          [
            -109.5991097,
            43.2252086
          ],
          [
            -109.5992814,
            43.2249394
          ],
          [
            -109.5993109,
            43.2247801
          ],
          [
            -109.5995732,
            43.2244431
          ],
          [
            -109.5998442,
            43.2242125
          ],
          [
            -109.6001251,
            43.224024
          ],
          [
            -109.600516,
            43.2238831
          ],
          [
            -109.6005106,
            43.2236446
          ],
          [
            -109.6005267,
            43.2235274
          ],
          [
            -109.6010047,
            43.2235592
          ],
          [
            -109.6012777,
            43.2234687
          ],
          [
            -109.6015996,
            43.2235
          ],
          [
            -109.6019054,
            43.2233984
          ],
          [
            -109.6022541,
            43.2228746
          ],
          [
            -109.6022954,
            43.2225776
          ],
          [
            -109.6022516,
            43.2224204
          ],
          [
            -109.6022667,
            43.2223214
          ],
          [
            -109.6023089,
            43.2222753
          ],
          [
            -109.6023829,
            43.2223379
          ],
          [
            -109.6025231,
            43.2224841
          ],
          [
            -109.6025774,
            43.2224819
          ],
          [
            -109.6026649,
            43.2224094
          ],
          [
            -109.6027346,
            43.2222933
          ],
          [
            -109.6027416,
            43.2221605
          ],
          [
            -109.6027884,
            43.2219988
          ],
          [
            -109.6029254,
            43.2219292
          ],
          [
            -109.6029809,
            43.2218307
          ],
          [
            -109.6030503,
            43.2217144
          ],
          [
            -109.6035225,
            43.2215492
          ],
          [
            -109.6035911,
            43.2214602
          ],
          [
            -109.603639,
            43.221403
          ],
          [
            -109.6036929,
            43.2212886
          ],
          [
            -109.6037089,
            43.2211626
          ],
          [
            -109.6037101,
            43.2211009
          ],
          [
            -109.6038573,
            43.2209356
          ],
          [
            -109.603948,
            43.220856
          ],
          [
            -109.6040996,
            43.2207086
          ],
          [
            -109.6041217,
            43.2205602
          ],
          [
            -109.604156,
            43.2205102
          ],
          [
            -109.6043179,
            43.2202885
          ],
          [
            -109.6044749,
            43.220192
          ],
          [
            -109.6046356,
            43.2200992
          ],
          [
            -109.6046245,
            43.2200492
          ],
          [
            -109.6046613,
            43.2199375
          ],
          [
            -109.6046356,
            43.2198061
          ],
          [
            -109.6046429,
            43.2197292
          ],
          [
            -109.6046147,
            43.2196515
          ],
          [
            -109.6046025,
            43.2195585
          ],
          [
            -109.6046564,
            43.2194227
          ],
          [
            -109.6048527,
            43.219285
          ],
          [
            -109.6050244,
            43.2192207
          ],
          [
            -109.6051531,
            43.2191545
          ],
          [
            -109.6051495,
            43.2190509
          ],
          [
            -109.6052071,
            43.2189776
          ],
          [
            -109.6053408,
            43.2187818
          ],
          [
            -109.6053886,
            43.2187166
          ],
          [
            -109.6054426,
            43.2186326
          ],
          [
            -109.6054536,
            43.2185253
          ],
          [
            -109.6054414,
            43.2183859
          ],
          [
            -109.6053862,
            43.2182563
          ],
          [
            -109.6053739,
            43.218132
          ],
          [
            -109.6053273,
            43.2180185
          ],
          [
            -109.6053248,
            43.2179452
          ],
          [
            -109.6053408,
            43.2178773
          ],
          [
            -109.6054929,
            43.2177155
          ],
          [
            -109.6056658,
            43.2176558
          ],
          [
            -109.6057677,
            43.2176479
          ],
          [
            -109.6060681,
            43.2175352
          ],
          [
            -109.6062624,
            43.2172734
          ],
          [
            -109.6064076,
            43.2170783
          ],
          [
            -109.6065498,
            43.2169012
          ],
          [
            -109.6066017,
            43.2166453
          ],
          [
            -109.6069962,
            43.2161507
          ],
          [
            -109.6071484,
            43.2157499
          ],
          [
            -109.607208,
            43.2154
          ],
          [
            -109.6073314,
            43.2152671
          ],
          [
            -109.6075809,
            43.2152085
          ],
          [
            -109.6077445,
            43.2150208
          ],
          [
            -109.6077912,
            43.2147251
          ],
          [
            -109.6079011,
            43.2143828
          ],
          [
            -109.6079427,
            43.213995
          ],
          [
            -109.6079887,
            43.2138329
          ],
          [
            -109.6082833,
            43.213614
          ],
          [
            -109.6084886,
            43.2134442
          ],
          [
            -109.6084935,
            43.2131806
          ],
          [
            -109.6086423,
            43.2129951
          ],
          [
            -109.6087944,
            43.2128024
          ],
          [
            -109.6088195,
            43.2125847
          ],
          [
            -109.608822,
            43.2123145
          ],
          [
            -109.6089231,
            43.2122352
          ],
          [
            -109.6090321,
            43.212132
          ],
          [
            -109.6091461,
            43.2120279
          ],
          [
            -109.6093867,
            43.2118544
          ],
          [
            -109.6095972,
            43.211733
          ],
          [
            -109.6098177,
            43.2115768
          ],
          [
            -109.6099735,
            43.2113066
          ],
          [
            -109.6106471,
            43.2108989
          ],
          [
            -109.6109283,
            43.2104543
          ],
          [
            -109.6109015,
            43.2102745
          ],
          [
            -109.6110227,
            43.2101092
          ],
          [
            -109.6113982,
            43.2099254
          ],
          [
            -109.6124603,
            43.2093897
          ],
          [
            -109.6130043,
            43.2090585
          ],
          [
            -109.6133503,
            43.2086981
          ],
          [
            -109.6137285,
            43.2083782
          ],
          [
            -109.6141818,
            43.2081038
          ],
          [
            -109.6146914,
            43.2079298
          ],
          [
            -109.6149331,
            43.2077712
          ],
          [
            -109.6149717,
            43.2075563
          ],
          [
            -109.6149409,
            43.207342
          ],
          [
            -109.6148255,
            43.2071641
          ],
          [
            -109.6148121,
            43.2069647
          ],
          [
            -109.6147746,
            43.2068083
          ],
          [
            -109.6147772,
            43.2066421
          ],
          [
            -109.614855,
            43.2063977
          ],
          [
            -109.6149516,
            43.2062257
          ],
          [
            -109.6149999,
            43.2061221
          ],
          [
            -109.6150347,
            43.2060517
          ],
          [
            -109.6151259,
            43.2059852
          ],
          [
            -109.6151715,
            43.2059226
          ],
          [
            -109.6152252,
            43.2057936
          ],
          [
            -109.6154773,
            43.2056796
          ],
          [
            -109.6159789,
            43.2055701
          ],
          [
            -109.6160701,
            43.2055043
          ],
          [
            -109.6160835,
            43.2053381
          ],
          [
            -109.6163168,
            43.2052638
          ],
          [
            -109.6162364,
            43.2051269
          ],
          [
            -109.616062,
            43.2048786
          ],
          [
            -109.6156221,
            43.2047764
          ],
          [
            -109.615201,
            43.2045854
          ],
          [
            -109.6152386,
            43.2042256
          ],
          [
            -109.6153003,
            43.204047
          ],
          [
            -109.61537,
            43.2037486
          ],
          [
            -109.6155497,
            43.2036032
          ],
          [
            -109.6158126,
            43.2032285
          ],
          [
            -109.6159789,
            43.2028701
          ],
          [
            -109.6163329,
            43.2026081
          ],
          [
            -109.6166414,
            43.2025208
          ],
          [
            -109.6166897,
            43.2023057
          ],
          [
            -109.6166172,
            43.2021414
          ],
          [
            -109.6164375,
            43.2019968
          ],
          [
            -109.6162766,
            43.2020437
          ],
          [
            -109.6161211,
            43.2020881
          ],
          [
            -109.6155068,
            43.2018423
          ],
          [
            -109.6153834,
            43.2017406
          ],
          [
            -109.6152627,
            43.2017054
          ],
          [
            -109.6151474,
            43.201723
          ],
          [
            -109.6149221,
            43.2015914
          ],
          [
            -109.6142194,
            43.201347
          ],
          [
            -109.6138277,
            43.2010192
          ],
          [
            -109.6138036,
            43.2007826
          ],
          [
            -109.6138867,
            43.2006359
          ],
          [
            -109.6141147,
            43.200591
          ],
          [
            -109.6141899,
            43.2005043
          ],
          [
            -109.6143293,
            43.2002501
          ],
          [
            -109.6143722,
            43.200065
          ],
          [
            -109.6143159,
            43.1999125
          ],
          [
            -109.6143186,
            43.1996779
          ],
          [
            -109.6143832,
            43.1996154
          ],
          [
            -109.6145025,
            43.1995342
          ],
          [
            -109.6145468,
            43.199411
          ],
          [
            -109.6145723,
            43.1993319
          ],
          [
            -109.6147024,
            43.1992331
          ],
          [
            -109.6148392,
            43.1991676
          ],
          [
            -109.6149451,
            43.199063
          ],
          [
            -109.6151047,
            43.1989907
          ],
          [
            -109.6152227,
            43.198886
          ],
          [
            -109.6152858,
            43.1987726
          ],
          [
            -109.6153904,
            43.1986915
          ],
          [
            -109.6153971,
            43.1986055
          ],
          [
            -109.6154386,
            43.1985282
          ],
          [
            -109.615672,
            43.1983107
          ],
          [
            -109.6159027,
            43.1980956
          ],
          [
            -109.6160781,
            43.1978262
          ],
          [
            -109.6160475,
            43.1973663
          ],
          [
            -109.6159762,
            43.1971712
          ],
          [
            -109.6161011,
            43.1970163
          ],
          [
            -109.6162685,
            43.1967273
          ],
          [
            -109.6162621,
            43.1964922
          ],
          [
            -109.6162927,
            43.1962443
          ],
          [
            -109.6165491,
            43.195755
          ],
          [
            -109.6166966,
            43.1956358
          ],
          [
            -109.616938,
            43.195319
          ],
          [
            -109.6171526,
            43.1951078
          ],
          [
            -109.6172411,
            43.1949592
          ],
          [
            -109.617233,
            43.1945877
          ],
          [
            -109.6174422,
            43.1943648
          ],
          [
            -109.6178392,
            43.1940754
          ],
          [
            -109.6181611,
            43.1938525
          ],
          [
            -109.6182201,
            43.1936022
          ],
          [
            -109.6183515,
            43.1933929
          ],
          [
            -109.6184883,
            43.1930977
          ],
          [
            -109.6186171,
            43.1929412
          ],
          [
            -109.6189282,
            43.1925834
          ],
          [
            -109.619234,
            43.1923037
          ],
          [
            -109.6195022,
            43.1920339
          ],
          [
            -109.6200144,
            43.1916564
          ],
          [
            -109.6200654,
            43.1914081
          ],
          [
            -109.6202463,
            43.191123
          ],
          [
            -109.620272,
            43.190976
          ],
          [
            -109.6202157,
            43.1907217
          ],
          [
            -109.6205268,
            43.1903795
          ],
          [
            -109.6205858,
            43.1902113
          ],
          [
            -109.6208513,
            43.1899708
          ],
          [
            -109.621251,
            43.1896481
          ],
          [
            -109.6214613,
            43.189451
          ],
          [
            -109.621574,
            43.1892046
          ],
          [
            -109.6218035,
            43.1890692
          ],
          [
            -109.6220342,
            43.1890536
          ],
          [
            -109.6225331,
            43.1884943
          ],
          [
            -109.6227101,
            43.1883457
          ],
          [
            -109.6229016,
            43.1881329
          ],
          [
            -109.6228292,
            43.187998
          ],
          [
            -109.6232063,
            43.1875556
          ],
          [
            -109.6235159,
            43.1873311
          ],
          [
            -109.6238125,
            43.1871938
          ],
          [
            -109.623945,
            43.1870221
          ],
          [
            -109.6242159,
            43.1868755
          ],
          [
            -109.6246601,
            43.1865133
          ],
          [
            -109.6248881,
            43.1864311
          ],
          [
            -109.6251493,
            43.1864452
          ],
          [
            -109.625623,
            43.1860869
          ],
          [
            -109.626005,
            43.1858409
          ],
          [
            -109.6262276,
            43.1856942
          ],
          [
            -109.626587,
            43.1856199
          ],
          [
            -109.6273166,
            43.185528
          ],
          [
            -109.6276492,
            43.1854772
          ],
          [
            -109.6279657,
            43.1854068
          ],
          [
            -109.6289152,
            43.1848631
          ],
          [
            -109.6293604,
            43.1846206
          ],
          [
            -109.6298754,
            43.1844211
          ],
          [
            -109.6303475,
            43.1842451
          ],
          [
            -109.6306533,
            43.1841981
          ],
          [
            -109.6313024,
            43.1839321
          ],
          [
            -109.6318334,
            43.1836622
          ],
          [
            -109.6324182,
            43.1835292
          ],
          [
            -109.6328235,
            43.1835396
          ],
          [
            -109.6333242,
            43.1833217
          ],
          [
            -109.6352744,
            43.182432
          ],
          [
            -109.6357111,
            43.1818262
          ],
          [
            -109.6356107,
            43.1812929
          ],
          [
            -109.6365166,
            43.1808431
          ],
          [
            -109.6379309,
            43.1804479
          ],
          [
            -109.6386059,
            43.1799403
          ],
          [
            -109.6393349,
            43.1793035
          ],
          [
            -109.6398496,
            43.1790061
          ],
          [
            -109.6426267,
            43.1786592
          ],
          [
            -109.6434796,
            43.1785849
          ],
          [
            -109.6444668,
            43.1788134
          ],
          [
            -109.6443755,
            43.1791051
          ],
          [
            -109.6444077,
            43.1796997
          ],
          [
            -109.6445149,
            43.1802122
          ],
          [
            -109.6450995,
            43.1803253
          ],
          [
            -109.6462051,
            43.180439
          ],
          [
            -109.6469815,
            43.1805004
          ],
          [
            -109.647115,
            43.1797926
          ],
          [
            -109.6475405,
            43.179598
          ],
          [
            -109.6484305,
            43.1799703
          ],
          [
            -109.6494717,
            43.1796215
          ],
          [
            -109.6499759,
            43.1799579
          ],
          [
            -109.6504282,
            43.180138
          ],
          [
            -109.6509881,
            43.180337
          ],
          [
            -109.6513483,
            43.1801802
          ],
          [
            -109.6515129,
            43.1798569
          ],
          [
            -109.6517687,
            43.1796519
          ],
          [
            -109.6524198,
            43.1797242
          ],
          [
            -109.6526988,
            43.1798458
          ],
          [
            -109.6531741,
            43.1801555
          ],
          [
            -109.6548594,
            43.180652
          ],
          [
            -109.6549179,
            43.1810538
          ],
          [
            -109.6557637,
            43.1815161
          ],
          [
            -109.6557233,
            43.1821872
          ],
          [
            -109.6555019,
            43.1826943
          ],
          [
            -109.654663,
            43.1837192
          ],
          [
            -109.654407,
            43.1839911
          ],
          [
            -109.6541253,
            43.184307
          ],
          [
            -109.654292,
            43.1844
          ]
        ]
      }
    }
  ]
}
